{"cameraMode":{"drawMode":0,"name":"Shaded","section":"Shading Mode"},"sceneLighting":true,"audioPlay":false,"sceneViewState":{"m_AlwaysRefresh":false,"showFog":true,"showSkybox":true,"showFlares":true,"showImageEffects":true,"showParticleSystems":true,"showVisualEffectGraphs":true,"m_FxEnabled":true},"in2DMode":false,"pivot":{"x":5.7130327224731449,"y":10.989175796508789,"z":-0.9245471954345703},"rotation":{"x":-0.04696223512291908,"y":0.9601263999938965,"z":-0.18162395060062409,"w":-0.2123742550611496},"size":19.103275299072267,"orthographic":false}