{"cameraMode":{"drawMode":0,"name":"Shaded","section":"Shading Mode"},"sceneLighting":true,"audioPlay":false,"sceneViewState":{"m_AlwaysRefresh":false,"showFog":true,"showSkybox":true,"showFlares":true,"showImageEffects":true,"showParticleSystems":true,"showVisualEffectGraphs":true,"m_FxEnabled":true},"in2DMode":false,"pivot":{"x":12.114912986755371,"y":34.23446273803711,"z":-28.113115310668947},"rotation":{"x":0.3171742856502533,"y":0.06347634643316269,"z":-0.028056185692548753,"w":0.9467544555664063},"size":0.8242809176445007,"orthographic":false}