{"cameraMode":{"drawMode":0,"name":"Shaded","section":"Shading Mode"},"sceneLighting":true,"audioPlay":false,"sceneViewState":{"m_AlwaysRefresh":false,"showFog":true,"showSkybox":true,"showFlares":true,"showImageEffects":true,"showParticleSystems":true,"showVisualEffectGraphs":true,"m_FxEnabled":true},"in2DMode":false,"pivot":{"x":1.7218668460845948,"y":9.044017791748047,"z":0.6927413940429688},"rotation":{"x":0.03322380408644676,"y":-0.9724727272987366,"z":0.19600747525691987,"w":0.1303423047065735},"size":17.546178817749025,"orthographic":false}