{"cameraMode":{"drawMode":0,"name":"Shaded","section":"Shading Mode"},"sceneLighting":true,"audioPlay":false,"sceneViewState":{"m_AlwaysRefresh":false,"showFog":true,"showSkybox":true,"showFlares":true,"showImageEffects":true,"showParticleSystems":true,"showVisualEffectGraphs":true,"m_FxEnabled":true},"in2DMode":false,"pivot":{"x":5.7130327224731449,"y":10.989175796508789,"z":-0.9245471954345703},"rotation":{"x":-0.043206069618463519,"y":0.9597741961479187,"z":-0.1443028450012207,"w":-0.2414151281118393},"size":19.103275299072267,"orthographic":false}