{"cameraMode":{"drawMode":0,"name":"Shaded","section":"Shading Mode"},"sceneLighting":true,"audioPlay":false,"sceneViewState":{"m_AlwaysRefresh":false,"showFog":true,"showSkybox":true,"showFlares":true,"showImageEffects":true,"showParticleSystems":true,"showVisualEffectGraphs":true,"m_FxEnabled":true},"in2DMode":false,"pivot":{"x":28.764352798461915,"y":21.05093002319336,"z":-2.3695926666259767},"rotation":{"x":0.08348840475082398,"y":-0.9203025698661804,"z":0.2163485437631607,"w":0.3176499009132385},"size":21.906444549560548,"orthographic":false}